null,a,null,null,null,null,null,please enter your name.,1396342865161
null,a,null,null,null,null,null,please enter your name.,1396342866161
null,a,null,null,null,null,null,please enter your name.,1396342963441
null,a,null,null,null,null,null,please enter your name.,1396342965072
null,a,null,null,null,null,null,please enter your name.,1396342966543
null,a,null,null,null,null,null,please enter your name.,1396342974640
null,a,null,null,null,null,null,please enter your name.,1396342974740
null,aa,null,null,null,null,null,please enter your name.,1396342974840
null,a,null,null,null,null,null,please enter your name.,1396342974940
null,a,null,null,null,null,null,please enter your name.,1396344289410
食料品,大豆,100,true,8,108.0,セブンイレブン,please enter your name.,1396576211752
交通費,バス,200,true,8,216.0,関東バス,please enter your name.,1396576211752
